orden,tipo,tema,texto
1,Problema,¿Quién controla realmente la gestión de tu negocio?,"Puedes tener una gestoría, una aplicación para facturar y varias herramientas para gestionar tu negocio.

Y aun así, cuando necesitas saber qué está pasando, terminas buscando documentos, revisando correos o preguntando a otra persona.

Para nosotros hay un problema de fondo: el empresario debería poder entender y controlar la información de su propio negocio.

Alfonso nace para ayudar a recuperar ese control.

Automatización, información centralizada e inteligencia artificial aplicada a la gestión diaria.

No se trata de quitar al profesional que te asesora. Se trata de reducir trabajo repetitivo y acercar la información a quien toma las decisiones.

Tú decides. Alfonso lo hace.

#AlfonsoAIKonta #Autonomos #Pymes #IA #GestionEmpresarial"
2,Posicionamiento,La gestoría no debería ser una caja negra,"Hay algo que nunca debería perder un empresario: el control sobre su propio negocio.

Tu asesor puede ayudarte. Puede encargarse de tareas complejas. Puede ser una pieza fundamental.

Pero eso no significa que tengas que depender de correos, documentos dispersos y procesos que no entiendes para saber qué está ocurriendo.

Creemos en otra forma de trabajar.

Que la tecnología haga el trabajo repetitivo.
Que la información esté disponible.
Que el empresario pueda entender qué se está haciendo.

Alfonso nace con esa idea.

No para sustituir el criterio profesional, sino para devolver al negocio el control sobre su gestión.

#AlfonsoAIKonta #Autonomos #Pymes #Gestion #InteligenciaArtificial"
3,Producto,Tú decides. Alfonso lo hace.,"Una de las ideas que más nos importa en Alfonso es muy sencilla:

Tú decides.
Alfonso lo hace.

Decides qué quieres gestionar.
Decides qué información necesitas.
Decides qué acciones quieres automatizar.

Alfonso se ocupa del trabajo.

Porque utilizar inteligencia artificial no debería significar entregar el control de tu negocio a una caja negra.

Debería significar tener una herramienta que trabaja para ti.

Ese es el Alfonso que estamos construyendo.

#AlfonsoAIKonta #IA #Automatizacion #Autonomos #Pymes"
4,Educación,¿Cuánto tiempo pierde un negocio en tareas que no generan valor?,"Introducir datos.
Buscar facturas.
Revisar documentos.
Comprobar información.
Enviar correos.
Perseguir documentación.
Repetir procesos.

Ninguna de estas tareas hace crecer directamente un negocio.

Pero juntas pueden consumir horas cada semana.

La inteligencia artificial empieza a ser realmente útil cuando deja de ser una demostración tecnológica y empieza a hacerse cargo de trabajo real.

Ese es uno de los objetivos de Alfonso: convertir tareas administrativas repetitivas en procesos que puedan automatizarse.

Menos tiempo dedicado a gestionar la gestión.
Más tiempo para dirigir el negocio.

#AlfonsoAIKonta #IA #Automatizacion #Productividad #Pymes"
5,Confianza,No queremos prometerte magia,"Estamos construyendo Alfonso y hay algo que tenemos claro:

No queremos venderte magia.

La inteligencia artificial tiene muchísimo potencial, pero también tiene límites.

Por eso preferimos construir, probar y medir.

Queremos saber qué tareas realmente ahorran tiempo, qué información necesita un autónomo, dónde puede equivocarse una IA, qué debe revisar una persona y qué procesos pueden automatizarse de forma segura.

Alfonso está entrando en una fase en la que necesitamos usuarios reales.

Personas que lo prueben.
Que nos digan qué funciona.
Que nos digan qué no funciona.
Y que nos obliguen a hacerlo mejor.

La beta no es una campaña de marketing.
Es parte de cómo vamos a construir el producto.

#AlfonsoAIKonta #Beta #IA #SaaS #Autonomos #Pymes"
6,Beta,Buscamos los primeros negocios para probar Alfonso,"Estamos buscando los primeros negocios que quieran probar Alfonso.

No buscamos miles de usuarios.

Buscamos personas dispuestas a probar una herramienta nueva y contarnos, sin filtros, si realmente les ayuda.

Si eres autónomo o gestionas una pequeña empresa y quieres conocer una nueva forma de trabajar con la gestión administrativa, queremos hablar contigo.

La participación en la beta será gratuita durante esta fase.

A cambio, necesitamos algo mucho más valioso: tu experiencia y tu feedback.

Queremos construir Alfonso con quienes van a utilizarlo.

Si quieres participar, escríbenos por LinkedIn.

#AlfonsoAIKonta #Beta #Autonomos #Pymes #IA"
7,Conversación,Una pregunta para autónomos y pequeños empresarios,"Si mañana pudieras eliminar una sola tarea administrativa de tu negocio, ¿cuál sería?

¿Buscar facturas?
¿Preparar documentación para la gestoría?
¿Controlar gastos?
¿Revisar cobros?
¿Introducir datos?
¿Otra?

Estamos construyendo Alfonso precisamente para resolver problemas reales.

Por eso queremos saber qué tarea te quita más tiempo.

Te leemos en comentarios.

#AlfonsoAIKonta #Autonomos #Pymes #GestionEmpresarial #IA"
8,Marca,La tecnología no debería alejarte de tu negocio,"Cuantas más herramientas tiene un negocio, más fácil parece que debería ser gestionarlo.

Pero a veces ocurre lo contrario.

Una aplicación para facturas.
Otra para gastos.
Correos.
Documentos.
La gestoría.
El banco.
Hojas de cálculo.

La tecnología debería simplificar todo eso, no convertir la gestión en otro trabajo.

Ese es el reto que nos hemos marcado con Alfonso.

No añadir otra herramienta más por añadirla.

Construir una forma más sencilla de trabajar y de mantener el control.

Estamos empezando. Y queremos hacerlo bien.

#AlfonsoAIKonta #IA #GestionEmpresarial #Pymes #Autonomos"
