orden,dia,tipo,titulo,publicacion
1,1,Lanzamiento / historia de fundador,El nacimiento de Alfonso,"Durante mucho tiempo he pensado que uno de los mayores problemas de un pequeño negocio no es vender.

Es gestionar todo lo que ocurre después.

Facturas.

Gastos.

Documentos.

Pagos.

Bancos.

Impuestos.

Contabilidad.

Y, sobre todo, conseguir saber qué está pasando realmente con tu negocio.

Puedes tener una gestoría.

Puedes tener varias aplicaciones.

Puedes tener Excel.

Puedes tener todo perfectamente organizado.

Y aun así terminar dedicando horas a tareas administrativas que no aportan nada a tu negocio.

Por eso he decidido construir Alfonso.

Un asistente de inteligencia artificial pensado para ayudar a autónomos y pequeñas empresas a centralizar y automatizar parte de esa gestión.

No quiero construir otra aplicación llena de menús.

Quiero que puedas preguntar:

“¿Cuánto me deben?”

“¿Qué gastos tengo este mes?”

“¿Cómo está mi liquidez?”

“¿Qué documentación me falta?”

Y que Alfonso pueda trabajar con los datos reales de tu negocio para ayudarte a responder.

Estoy empezando.

Y precisamente por eso quiero enseñar el proceso: lo que funciona, lo que falla y lo que todavía queda por construir.

Este es Alfonso.

Tú llevas el negocio. Alfonso lleva la gestión.

#Alfonso #IA #Autónomos #Pymes #Emprendimiento"
2,3,Problema / provocación,¿Sabes realmente qué está pasando en tu negocio?,"¿Sabes realmente qué está pasando en tu negocio?

No me refiero a cuánto dinero tienes ahora mismo en la cuenta.

Me refiero a poder responder rápidamente:

→ ¿Cuánto me deben mis clientes?

→ ¿Qué facturas tengo pendientes?

→ ¿Cuánto he gastado este mes?

→ ¿Qué pagos tengo próximamente?

→ ¿Qué impuestos tendré que afrontar?

→ ¿Qué documentación falta?

→ ¿Cómo está realmente mi liquidez?

Tenemos herramientas para prácticamente todo.

Una para facturar.

Otra para el banco.

Otra para los gastos.

Otra para la contabilidad.

Otra para los documentos.

Y después tenemos que conseguir que todas esas piezas encajen.

Para mí hay algo que falla en ese modelo.

El empresario debería tener el control de la información de su propio negocio.

No significa prescindir de los profesionales.

Significa poder entender qué está ocurriendo sin depender de una cadena interminable de herramientas, correos y consultas.

Esa es una de las ideas sobre las que estoy construyendo Alfonso.

RECUPERA EL CONTROL.

#Alfonso #Autónomos #Pymes #GestiónEmpresarial #IA"
3,6,Filosofía de producto,Tú decides. Alfonso lo hace.,"Hay una diferencia entre automatizar un trabajo y quitarle el control a la persona que lo realiza.

Para mí, esa diferencia es fundamental.

Cuando una IA trabaja con información fiscal, contable o financiera, no debería convertirse en una caja negra.

Deberías poder saber:

qué ha hecho,

por qué lo ha hecho,

qué información ha utilizado

y qué necesita de ti.

Por eso Alfonso está diseñado alrededor de una idea muy sencilla:

Tú decides. Alfonso lo hace.

Alfonso puede ayudarte a procesar información, organizar documentos, analizar datos y automatizar tareas.

Pero las decisiones importantes deben seguir estando bajo control del usuario y, cuando corresponda, del profesional que lo asesora.

No quiero construir una IA que diga:

“Déjamelo todo a mí.”

Quiero construir una herramienta que diga:

“Déjame hacer el trabajo pesado. Tú sigues teniendo el control.”

Ese es el tipo de IA que quiero construir.

#Alfonso #InteligenciaArtificial #Automatización #IA #SaaS"
4,9,Demo / producto,Esto es lo que estoy construyendo,"Esto es lo que estoy construyendo.

Imagina que recibes una factura.

En lugar de:

descargarla,

guardarla,

buscar los datos,

introducirlos,

clasificarla,

comprobar los impuestos,

y después intentar recordar dónde la guardaste...

se la entregas a Alfonso.

Alfonso analiza el documento.

Extrae la información.

La estructura.

La relaciona con el resto de la información disponible.

Y te permite revisar el resultado antes de tomar decisiones.

La misma idea se extiende a gastos, facturación, información financiera y otras tareas administrativas.

La diferencia no está en que una IA pueda leer una factura.

Eso ya existe.

La diferencia está en conseguir que esa información forme parte de la gestión real del negocio.

Y hacerlo de forma:

trazable.

segura.

controlada.

Y entendible para quien tiene que tomar las decisiones.

Todavía estamos construyendo.

Pero esta es la dirección.

Tú llevas el negocio. Alfonso lleva la gestión.

#Alfonso #IA #Automatización #Facturación #Autónomos #Pymes"
5,12,Captación beta,Busco 20 autónomos y pequeñas empresas,"Estoy buscando a 20 autónomos y pequeñas empresas.

No busco seguidores.

No busco likes.

Busco personas que tengan un problema real con la gestión de su negocio y estén dispuestas a probar algo que todavía estamos construyendo.

Estoy desarrollando Alfonso, un asistente de IA para ayudar con la gestión administrativa, fiscal, contable y financiera.

Quiero descubrir algo que no puedo descubrir programando solo:

¿Qué tareas administrativas os hacen perder más tiempo?

Puede ser:

→ facturación

→ gastos

→ documentos

→ conciliación bancaria

→ información financiera

→ comunicación con la gestoría

→ cualquier otra tarea que os quite tiempo de vuestro negocio.

Quiero escuchar esos problemas.

Y después construir Alfonso alrededor de ellos.

Si eres autónomo o tienes una pequeña empresa y quieres participar en las primeras pruebas, escríbeme “ALFONSO” por privado.

Te contaré en qué punto está el proyecto y cómo participar.

Estoy construyendo esto desde cero.

Y prefiero construirlo con usuarios reales que intentar adivinar lo que necesitan desde un despacho.

Tú llevas el negocio. Alfonso lleva la gestión.

#Alfonso #Autónomos #Pymes #Emprendedores #IA #SaaS"
